phase,phase_name,status,package_version,summary_path,key_result
020,"Threshold, hysteresis preflight, protection, and negative controls",PASS-DTTS-V020-RUN-COMPLETE,,/home/kei/dtts/dtts_v020_threshold_hysteresis_protection_audit_package/outputs/dtts_v020_summary.json,threshold_drive_candidate=0.07
021,Closed-loop hysteresis and protection holdout,PASS-DTTS-V021-RUN-COMPLETE,,/home/kei/dtts/dtts_v021_closed_loop_hysteresis_holdout_package/outputs/dtts_v021_summary.json,baseline_mean_hysteresis_gap=0.06695652173913041
022,Circadian-gate and multi-cycle audit,PASS-DTTS-V022-RUN-COMPLETE,,/home/kei/dtts/dtts_v022_circadian_multicycle_package/outputs/dtts_v022_summary.json,
023,"Perturbation-recovery audit, numpy trapezoid hotfix preferred",PASS-DTTS-V023-RUN-COMPLETE,v0.2.3.1-numpy-trapezoid-hotfix,/home/kei/dtts/dtts_v0231_perturbation_recovery_hotfix_package/outputs/dtts_v023_summary.json,
024,Topology and noise robustness audit,PASS-DTTS-V024-RUN-COMPLETE,v0.2.4-topology-noise-robustness,/home/kei/dtts/dtts_v024_topology_noise_robustness_package/outputs/dtts_v024_summary.json,
025,Parameter-envelope and conservative boundary audit,PASS-DTTS-V025-RUN-COMPLETE,v0.2.5-parameter-envelope-failure-boundary,/home/kei/dtts/dtts_v025_parameter_envelope_audit_package/outputs/dtts_v025_summary.json,failure_boundary_case_count=0
026,Expanded failure-boundary and holdout audit,PASS-DTTS-V026-RUN-COMPLETE,v0.2.6-expanded-failure-boundary-holdout,/home/kei/dtts/dtts_v026_expanded_failure_boundary_holdout_package/outputs/dtts_v026_summary.json,failure_boundary_case_count=69; holdout_pass_count=3
027,Mechanism-rescue and regime classification audit,PASS-DTTS-V027-RUN-COMPLETE,v0.2.7-mechanism-rescue-regime-audit,/home/kei/dtts/dtts_v027_mechanism_rescue_regime_audit_package/outputs/dtts_v027_summary.json,rescue_sensitive_count=3; persistent_failure_boundary_count=0
028,Frozen-rescue holdout audit,PASS-DTTS-V028-RUN-COMPLETE,v0.2.8-frozen-rescue-holdout-audit,/home/kei/dtts/dtts_v028_frozen_rescue_holdout_audit_package/outputs/dtts_v028_summary.json,frozen_policy_mean_pass_rate=0.7729166666666667; unstable_rescue_boundary_count=1
